year,quarter,end_price,start_price,trading_days,quarterly_return_pct,company
2017,3,1027.2861328125,960.6470947265624,63,,HUL
2017,4,1204.8018798828125,1038.18115234375,62,17.2801,HUL
2018,1,1174.4141845703125,1184.2354736328125,60,-2.5222,HUL
2018,2,1456.431396484375,1190.224609375,64,24.0134,HUL
2018,3,1427.36767578125,1458.4725341796875,61,-1.9955,HUL
2018,4,1624.0565185546875,1457.451904296875,61,13.7798,HUL
2019,1,1502.8984375,1607.5006103515625,60,-7.4602,HUL
2019,2,1606.9827880859375,1508.3427734375,60,6.9256,HUL
2019,3,1781.6956787109375,1600.330322265625,62,10.8721,HUL
2019,4,1737.68701171875,1789.2020263671875,61,-2.47,HUL
2020,1,2077.001708984375,1749.9315185546875,63,19.5268,HUL
2020,2,1983.365234375,1969.604736328125,59,-4.5083,HUL
2020,3,1889.7408447265625,1974.6309814453125,66,-4.7205,HUL
2020,4,2202.82275390625,1914.18212890625,63,16.5675,HUL
2021,1,2236.020751953125,2195.60400390625,61,1.5071,HUL
2021,2,2289.064697265625,2206.225830078125,61,2.3722,HUL
2021,3,2502.567626953125,2295.2705078125,63,9.3271,HUL
2021,4,2199.545166015625,2504.651123046875,63,-12.1085,HUL
2022,1,1909.2423095703125,2200.616943359375,61,-13.1983,HUL
2022,2,2097.1650390625,1936.7349853515625,62,9.8428,HUL
2022,3,2535.147705078125,2145.8193359375,63,20.8845,HUL
2022,4,2424.003173828125,2465.621337890625,62,-4.3841,HUL
2023,1,2423.340576171875,2421.49462890625,62,-0.0273,HUL
2023,2,2555.53955078125,2400.38818359375,60,5.4552,HUL
2023,3,2352.720458984375,2577.39111328125,63,-7.9364,HUL
2023,4,2560.63330078125,2355.869140625,60,8.8371,HUL
2024,1,2176.53125,2551.7900390625,60,-15.0003,HUL
2024,2,2400.296630859375,2197.2451171875,60,10.2808,HUL
2024,3,2871.271240234375,2431.40380859375,64,19.6215,HUL
2024,4,2301.0234375,2837.737548828125,61,-19.8605,HUL
2017,3,180.84483337402344,239.79617309570312,63,,ITC
2017,4,184.3105010986328,183.01524353027344,62,1.9164,ITC
2018,1,178.8844757080078,183.64537048339844,60,-2.944,ITC
2018,2,190.0746154785156,180.8098602294922,64,6.2555,ITC
2018,3,212.6022186279297,187.82537841796875,61,11.852,ITC
2018,4,201.10633850097656,212.1381072998047,61,-5.4072,ITC
2019,1,214.2087860107422,201.8560943603516,60,6.5152,ITC
2019,2,199.4299774169922,212.24517822265625,60,-6.8993,ITC
2019,3,189.23455810546875,200.23106384277344,62,-5.1123,ITC
2019,4,173.1039276123047,186.35797119140625,61,-8.5241,ITC
2020,1,125.03972625732422,173.39523315429688,63,-27.7661,ITC
2020,2,141.75294494628906,121.18002319335938,59,13.3663,ITC
2020,3,131.72994995117188,147.76097106933594,66,-7.0707,ITC
2020,4,160.34683227539062,131.0778045654297,63,21.7239,ITC
2021,1,171.7655029296875,164.06784057617188,61,7.1212,ITC
2021,2,163.95213317871094,172.9839630126953,61,-4.5489,ITC
2021,3,191.0078582763672,164.1947784423828,63,16.5022,ITC
2021,4,176.3678436279297,190.36080932617188,63,-7.6646,ITC
2022,1,207.60552978515625,177.21713256835938,61,17.7117,ITC
2022,2,232.05474853515625,209.80044555664065,62,11.7768,ITC
2022,3,281.8594970703125,241.2605743408203,63,21.4625,ITC
2022,4,281.3080139160156,275.2415466308594,62,-0.1957,ITC
2023,1,330.7182006835937,282.4110717773437,62,17.5644,ITC
2023,2,398.1930541992188,326.7512512207031,60,20.4025,ITC
2023,3,391.844482421875,408.46527099609375,63,-1.5943,ITC
2023,4,407.4512939453125,387.7444458007813,60,3.9829,ITC
2024,1,383.4566345214844,412.6976013183594,60,-5.889,ITC
2024,2,387.3793640136719,381.97955322265625,60,1.023,ITC
2024,3,472.3949279785156,391.1628723144531,64,21.9463,ITC
2024,4,434.8786926269531,470.6170959472656,61,-7.9417,ITC
2017,3,1921.9234619140625,1629.26171875,63,,Britannia
2017,4,2083.402099609375,1920.065185546875,62,8.4019,Britannia
2018,1,2199.025146484375,2096.2314453125,60,5.5497,Britannia
2018,2,2749.002197265625,2259.39111328125,64,25.01,Britannia
2018,3,2586.37744140625,2757.49658203125,61,-5.9158,Britannia
2018,4,2767.270263671875,2595.281982421875,61,6.9941,Britannia
2019,1,2750.52685546875,2756.30078125,60,-0.6051,Britannia
2019,2,2437.10595703125,2709.045654296875,60,-11.3949,Britannia
2019,3,2630.302734375,2431.6435546875,62,7.9273,Britannia
2019,4,2705.035400390625,2608.325439453125,61,2.8412,Britannia
2020,1,2402.306884765625,2715.622314453125,63,-11.1913,Britannia
2020,2,3255.305908203125,2291.43603515625,59,35.5075,Britannia
2020,3,3505.527099609375,3203.05029296875,66,7.6866,Britannia
2020,4,3300.8154296875,3515.171875,63,-5.8397,Britannia
2021,1,3345.763671875,3292.924072265625,61,1.3617,Britannia
2021,2,3436.925048828125,3339.718017578125,61,2.7247,Britannia
2021,3,3718.77978515625,3386.2138671875,63,8.2008,Britannia
2021,4,3395.819091796875,3692.55322265625,63,-8.6846,Britannia
2022,1,3019.51025390625,3406.6962890625,61,-11.0815,Britannia
2022,2,3320.662109375,3042.346923828125,62,9.9735,Britannia
2022,3,3681.476806640625,3433.6533203125,63,10.8657,Britannia
2022,4,4126.3515625,3610.491943359375,62,12.0841,Britannia
2023,1,4140.43359375,4111.69482421875,62,0.3413,Britannia
2023,2,4895.830078125,4142.25390625,60,18.2444,Britannia
2023,3,4420.916015625,4879.99609375,63,-9.7004,Britannia
2023,4,5201.68896484375,4380.28515625,60,17.6609,Britannia
2024,1,4785.4326171875,5183.51611328125,60,-8.0023,Britannia
2024,2,5335.2763671875,4769.7939453125,60,11.4899,Britannia
2024,3,6256.16259765625,5336.2021484375,64,17.2603,Britannia
2024,4,4737.36669921875,6362.6669921875,61,-24.2768,Britannia
2017,3,278.89874267578125,268.8416442871094,63,,Dabur
2017,4,320.94464111328125,284.6596374511719,62,15.0757,Dabur
2018,1,301.3960876464844,320.3021545410156,60,-6.0909,Dabur
2018,2,359.26153564453125,308.279296875,64,19.1991,Dabur
2018,3,398.26611328125,352.1487731933594,61,10.8569,Dabur
2018,4,403.1290588378906,409.7877502441406,61,1.221,Dabur
2019,1,384.6880187988281,394.8914489746094,60,-4.5745,Dabur
2019,2,374.9058227539063,375.3270263671875,60,-2.5429,Dabur
2019,3,420.1219482421875,376.075927734375,62,12.0607,Dabur
2019,4,431.8619689941406,412.9828796386719,61,2.7944,Dabur
2020,1,423.9953308105469,433.1808776855469,63,-1.8216,Dabur
2020,2,438.974853515625,409.6753540039063,59,3.5329,Dabur
2020,3,482.5258483886719,439.5871887207031,66,9.9211,Dabur
2020,4,506.4095153808594,485.5974731445313,63,4.9497,Dabur
2021,1,512.57373046875,506.5992431640625,61,1.2172,Dabur
2021,2,539.3641357421875,510.8193664550781,61,5.2266,Dabur
2021,3,588.1586303710938,559.279052734375,63,9.0467,Dabur
2021,4,555.1842041015625,589.0165405273438,63,-5.6064,Dabur
2022,1,513.2139282226562,556.2371826171875,61,-7.5597,Dabur
2022,2,474.689453125,519.1961059570312,62,-7.5065,Dabur
2022,3,551.0538940429688,489.3335571289063,63,16.0872,Dabur
2022,4,542.405029296875,535.8577270507812,62,-1.5695,Dabur
2023,1,526.4165649414062,542.501708984375,62,-2.9477,Dabur
2023,2,553.5150756835938,529.02490234375,60,5.1477,Dabur
2023,3,535.3880004882812,562.4995727539062,63,-3.2749,Dabur
2023,4,543.6184692382812,537.3291625976562,60,1.5373,Dabur
2024,1,510.3984069824219,543.8624267578125,60,-6.1109,Dabur
2024,2,586.0582275390625,516.252197265625,60,14.8237,Dabur
2024,3,612.5733642578125,596.0584106445312,64,4.5243,Dabur
2024,4,497.6060791015625,606.4985961914062,61,-18.7679,Dabur
2017,3,570.4052734375,611.1611328125,63,,Godrej
2017,4,620.8709716796875,591.9395141601562,62,8.8473,Godrej
2018,1,680.0435791015625,612.6708984375,60,9.5306,Godrej
2018,2,767.1199951171875,693.536865234375,64,12.8045,Godrej
2018,3,722.6912841796875,773.0032348632812,61,-5.7916,Godrej
2018,4,766.6055297851562,749.1111450195312,61,6.0765,Godrej
2019,1,657.7003784179688,763.4847412109375,60,-14.2062,Godrej
2019,2,630.8375244140625,642.0520629882812,60,-4.0844,Godrej
2019,3,655.926513671875,632.4549560546875,62,3.9771,Godrej
2019,4,655.0985717773438,648.9597778320312,61,-0.1262,Godrej
2020,1,499.9690856933594,661.60595703125,63,-23.6803,Godrej
2020,2,663.105712890625,526.7506103515625,59,32.6293,Godrej
2020,3,695.8866577148438,666.9933471679688,66,4.9435,Godrej
2020,4,710.477294921875,704.6217651367188,63,2.0967,Godrej
2021,1,700.3982543945312,709.3253784179688,61,-1.4186,Godrej
2021,2,835.3616333007812,697.1824951171875,61,19.2695,Godrej
2021,3,988.6112670898438,852.4479370117188,63,18.3453,Godrej
2021,4,929.5286865234376,979.4440307617188,63,-5.9763,Godrej
2022,1,717.3406982421875,919.2096557617188,61,-22.8275,Godrej
2022,2,727.1798095703125,722.8121948242188,62,1.3716,Godrej
2022,3,873.9498901367188,750.169677734375,63,20.1835,Godrej
2022,4,839.0091552734375,849.5682373046875,62,-3.998,Godrej
2023,1,929.3367919921876,857.6795043945312,62,10.766,Godrej
2023,2,1037.66259765625,925.8330078125,60,11.6562,Godrej
2023,3,951.8466186523438,1018.4163818359376,63,-8.2701,Godrej
2023,4,1091.2227783203125,953.0945434570312,60,14.6427,Godrej
2024,1,1207.5609130859375,1104.34228515625,60,10.6613,Godrej
2024,2,1337.21875,1184.9395751953125,60,10.7372,Godrej
2024,3,1359.2327880859375,1358.795654296875,64,1.6463,Godrej
2024,4,1038.5386962890625,1354.2091064453125,61,-23.5938,Godrej
2017,3,273.4536437988281,285.0693359375,63,,Marico
2017,4,285.3915405273437,271.1217041015625,62,4.3656,Marico
2018,1,290.8793029785156,283.7987365722656,60,1.9229,Marico
2018,2,295.87518310546875,292.9311828613281,64,1.7175,Marico
2018,3,297.1241455078125,297.525634765625,61,0.4221,Marico
2018,4,335.0901184082031,297.30255126953125,61,12.7778,Marico
2019,1,305.2800598144531,334.10302734375,60,-8.8961,Marico
2019,2,335.0755615234375,314.6843566894531,60,9.7601,Marico
2019,3,356.5066223144531,334.8043212890625,62,6.3959,Marico
2019,4,311.2076110839844,350.67413330078125,61,-12.7064,Marico
2020,1,253.7657928466797,314.9883728027344,63,-18.4577,Marico
2020,2,324.9051208496094,245.13302612304688,59,28.0335,Marico
2020,3,335.15362548828125,324.35113525390625,66,3.1543,Marico
2020,4,374.7893981933594,334.13800048828125,63,11.8262,Marico
2021,1,387.18255615234375,378.0007019042969,61,3.3067,Marico
2021,2,499.6754760742188,383.37005615234375,61,29.0542,Marico
2021,3,515.3961791992188,503.5350036621094,63,3.1462,Marico
2021,4,485.1990051269531,517.3259887695312,63,-5.859,Marico
2022,1,482.7469177246094,486.5713195800781,61,-0.5054,Marico
2022,2,458.0201721191406,496.6916809082031,62,-5.1221,Marico
2022,3,515.4762573242188,470.7669067382813,63,12.5444,Marico
2022,4,488.6410827636719,507.4736633300781,62,-5.2059,Marico
2023,1,464.00927734375,485.1908264160156,62,-5.0409,Marico
2023,2,513.4758911132812,463.91259765625,60,10.6607,Marico
2023,3,543.16552734375,515.7001342773438,63,5.7821,Marico
2023,4,533.4451293945312,556.7531127929688,60,-1.7896,Marico
2024,1,489.6921081542969,527.36669921875,60,-8.202,Marico
2024,2,603.7434692382812,488.3132019042969,60,23.2904,Marico
2024,3,684.8992309570312,611.1301879882812,64,13.4421,Marico
2024,4,632.5025634765625,683.1755981445312,61,-7.6503,Marico
2017,3,323.699951171875,301.5781555175781,63,,Nestle
2017,4,354.5304870605469,327.8737487792969,62,9.5244,Nestle
2018,1,369.5140075683594,354.1836242675781,60,4.2263,Nestle
2018,2,443.8736267089844,374.2616271972656,64,20.1236,Nestle
2018,3,439.6842346191406,441.8397521972656,61,-0.9438,Nestle
2018,4,504.848876953125,435.6045227050781,61,14.8208,Nestle
2019,1,504.313720703125,501.6698303222656,60,-0.106,Nestle
2019,2,544.982421875,497.1199951171875,60,8.0642,Nestle
2019,3,646.5137329101562,542.976318359375,62,18.6302,Nestle
2019,4,690.8751220703125,636.827392578125,61,6.8616,Nestle
2020,1,761.6782836914062,690.5809326171875,63,10.2483,Nestle
2020,2,805.482177734375,731.4902954101562,59,5.751,Nestle
2020,3,746.585205078125,787.86669921875,66,-7.312,Nestle
2020,4,869.3590087890625,750.4240112304688,63,16.4447,Nestle
2021,1,811.4473876953125,872.2166137695312,61,-6.6614,Nestle
2021,2,838.096435546875,807.5686645507812,61,3.2841,Nestle
2021,3,924.2469482421876,838.7238159179688,63,10.2793,Nestle
2021,4,942.1549072265624,929.2090454101562,63,1.9376,Nestle
2022,1,830.9865112304688,940.8281860351562,61,-11.7994,Nestle
2022,2,839.3902587890625,839.432373046875,62,1.0113,Nestle
2022,3,919.8601684570312,855.0079345703125,63,9.5867,Nestle
2022,4,947.626220703125,912.5474853515624,62,3.0185,Nestle
2023,1,952.3870849609376,945.4778442382812,62,0.5024,Nestle
2023,2,1112.1019287109375,952.4329833984376,60,16.77,Nestle
2023,3,1093.28369140625,1099.3870849609375,63,-1.6921,Nestle
2023,4,1298.6533203125,1083.9742431640625,60,18.7847,Nestle
2024,1,1284.8372802734375,1337.3533935546875,60,-1.0639,Nestle
2024,2,1250.1971435546875,1266.831298828125,60,-2.6961,Nestle
2024,3,1323.674560546875,1258.257080078125,64,5.8773,Nestle
2024,4,1062.8466796875,1332.089111328125,61,-19.7048,Nestle
