year,quarter,end_price,start_price,trading_days,quarterly_return_pct,company,cal_year,yoy_growth_pct,lagged_gst_yoy,lag2_gst_yoy,period_label,covid_flag,rolling_8q_corr
2018,4,1624.0565185546875,1457.451904296875,61,13.7798,HUL,2018,9.87,45.46,,2018-Q4,Normal,
2019,1,1502.8984375,1607.5006103515625,60,-7.4602,HUL,2019,16.07,9.87,45.46,2019-Q1,Normal,
2019,2,1606.9827880859375,1508.3427734375,60,6.9256,HUL,2019,9.3,16.07,9.87,2019-Q2,Normal,
2019,3,1781.6956787109375,1600.330322265625,62,10.8721,HUL,2019,6.26,9.3,16.07,2019-Q3,Normal,
2019,4,1737.68701171875,1789.2020263671875,61,-2.47,HUL,2019,9.32,6.26,9.3,2019-Q4,Normal,
2020,1,2077.001708984375,1749.9315185546875,63,19.5268,HUL,2020,6.02,9.32,6.26,2020-Q1,Normal,
2020,2,1983.365234375,1969.604736328125,59,-4.5083,HUL,2020,-42.3,6.02,9.32,2020-Q2,COVID Quarter,
2020,3,1889.7408447265625,1974.6309814453125,66,-4.7205,HUL,2020,-6.19,-42.3,6.02,2020-Q3,COVID Quarter,0.5109399545400582
2020,4,2202.82275390625,1914.18212890625,63,16.5675,HUL,2020,6.02,-6.19,-42.3,2020-Q4,Normal,0.24730935185073222
2021,1,2236.020751953125,2195.60400390625,61,1.5071,HUL,2021,9.14,6.02,-6.19,2021-Q1,Normal,0.35363761938004207
2021,2,2289.064697265625,2206.225830078125,61,2.3722,HUL,2021,78.29,9.14,6.02,2021-Q2,Normal,0.32104814993883635
2021,3,2502.567626953125,2295.2705078125,63,9.3271,HUL,2021,26.26,78.29,9.14,2021-Q3,Normal,0.3129774962323612
2021,4,2199.545166015625,2504.651123046875,63,-12.1085,HUL,2021,14.68,26.26,78.29,2021-Q4,Normal,0.15163139436977902
2022,1,1909.2423095703125,2200.616943359375,61,-13.1983,HUL,2022,11.88,14.68,26.26,2022-Q1,Normal,0.15511557651807073
2022,2,2097.1650390625,1936.7349853515625,62,9.8428,HUL,2022,35.4,11.88,14.68,2022-Q2,Normal,0.13761533938356368
2022,3,2535.147705078125,2145.8193359375,63,20.8845,HUL,2022,20.74,35.4,11.88,2022-Q3,Normal,0.10265470011994297
2022,4,2424.003173828125,2465.621337890625,62,-4.3841,HUL,2022,14.52,20.74,35.4,2022-Q4,Normal,0.34308606315497164
2023,1,2423.340576171875,2421.49462890625,62,-0.0273,HUL,2023,14.58,14.52,20.74,2023-Q1,Normal,0.3635479067803819
2023,2,2555.53955078125,2400.38818359375,60,5.4552,HUL,2023,15.21,14.58,14.52,2023-Q2,Normal,0.3506089814807502
2023,3,2352.720458984375,2577.39111328125,63,-7.9364,HUL,2023,14.55,15.21,14.58,2023-Q3,Normal,0.3653297942889231
2023,4,2560.63330078125,2355.869140625,60,8.8371,HUL,2023,15.27,14.55,15.21,2023-Q4,Normal,0.5375192252552559
2024,1,2176.53125,2551.7900390625,60,-15.0003,HUL,2024,14.81,15.27,14.55,2024-Q1,Normal,0.5140017932091021
2024,2,2400.296630859375,2197.2451171875,60,10.2808,HUL,2024,12.71,14.81,15.27,2024-Q2,Normal,0.5662266355971465
2024,3,2871.271240234375,2431.40380859375,64,19.6215,HUL,2024,8.0,12.71,14.81,2024-Q3,Normal,-0.48816843960914197
2024,4,2301.0234375,2837.737548828125,61,-19.8605,HUL,2024,9.5,8.0,12.71,2024-Q4,Normal,0.35491264573655956
2018,4,201.10633850097656,212.1381072998047,61,-5.4072,ITC,2018,9.87,45.46,,2018-Q4,Normal,
2019,1,214.2087860107422,201.8560943603516,60,6.5152,ITC,2019,16.07,9.87,45.46,2019-Q1,Normal,
2019,2,199.4299774169922,212.24517822265625,60,-6.8993,ITC,2019,9.3,16.07,9.87,2019-Q2,Normal,
2019,3,189.23455810546875,200.23106384277344,62,-5.1123,ITC,2019,6.26,9.3,16.07,2019-Q3,Normal,
2019,4,173.1039276123047,186.35797119140625,61,-8.5241,ITC,2019,9.32,6.26,9.3,2019-Q4,Normal,
2020,1,125.03972625732422,173.39523315429688,63,-27.7661,ITC,2020,6.02,9.32,6.26,2020-Q1,Normal,
2020,2,141.75294494628906,121.18002319335938,59,13.3663,ITC,2020,-42.3,6.02,9.32,2020-Q2,COVID Quarter,
2020,3,131.72994995117188,147.76097106933594,66,-7.0707,ITC,2020,-6.19,-42.3,6.02,2020-Q3,COVID Quarter,0.017019263864457554
2020,4,160.34683227539062,131.0778045654297,63,21.7239,ITC,2020,6.02,-6.19,-42.3,2020-Q4,Normal,-0.07371060213124324
2021,1,171.7655029296875,164.06784057617188,61,7.1212,ITC,2021,9.14,6.02,-6.19,2021-Q1,Normal,-0.08870844920793408
2021,2,163.95213317871094,172.9839630126953,61,-4.5489,ITC,2021,78.29,9.14,6.02,2021-Q2,Normal,-0.06168743684627373
2021,3,191.0078582763672,164.1947784423828,63,16.5022,ITC,2021,26.26,78.29,9.14,2021-Q3,Normal,0.29947434510420873
2021,4,176.3678436279297,190.36080932617188,63,-7.6646,ITC,2021,14.68,26.26,78.29,2021-Q4,Normal,0.24774715356399837
2022,1,207.60552978515625,177.21713256835938,61,17.7117,ITC,2022,11.88,14.68,26.26,2022-Q1,Normal,0.3318914166193884
2022,2,232.05474853515625,209.80044555664065,62,11.7768,ITC,2022,35.4,11.88,14.68,2022-Q2,Normal,0.34874522016665505
2022,3,281.8594970703125,241.2605743408203,63,21.4625,ITC,2022,20.74,35.4,11.88,2022-Q3,Normal,0.1318419903005304
2022,4,281.3080139160156,275.2415466308594,62,-0.1957,ITC,2022,14.52,20.74,35.4,2022-Q4,Normal,0.3765366852257857
2023,1,330.7182006835937,282.4110717773437,62,17.5644,ITC,2023,14.58,14.52,20.74,2023-Q1,Normal,0.30099153997490546
2023,2,398.1930541992188,326.7512512207031,60,20.4025,ITC,2023,15.21,14.58,14.52,2023-Q2,Normal,0.09811840799276844
2023,3,391.844482421875,408.46527099609375,63,-1.5943,ITC,2023,14.55,15.21,14.58,2023-Q3,Normal,-0.062361153460265974
2023,4,407.4512939453125,387.7444458007813,60,3.9829,ITC,2023,15.27,14.55,15.21,2023-Q4,Normal,0.26011122873291376
2024,1,383.4566345214844,412.6976013183594,60,-5.889,ITC,2024,14.81,15.27,14.55,2024-Q1,Normal,0.33915786872938936
2024,2,387.3793640136719,381.97955322265625,60,1.023,ITC,2024,12.71,14.81,15.27,2024-Q2,Normal,0.4267430672388245
2024,3,472.3949279785156,391.1628723144531,64,21.9463,ITC,2024,8.0,12.71,14.81,2024-Q3,Normal,-0.49552887728000106
2024,4,434.8786926269531,470.6170959472656,61,-7.9417,ITC,2024,9.5,8.0,12.71,2024-Q4,Normal,0.2354903298294788
2018,4,2767.270263671875,2595.281982421875,61,6.9941,Britannia,2018,9.87,45.46,,2018-Q4,Normal,
2019,1,2750.52685546875,2756.30078125,60,-0.6051,Britannia,2019,16.07,9.87,45.46,2019-Q1,Normal,
2019,2,2437.10595703125,2709.045654296875,60,-11.3949,Britannia,2019,9.3,16.07,9.87,2019-Q2,Normal,
2019,3,2630.302734375,2431.6435546875,62,7.9273,Britannia,2019,6.26,9.3,16.07,2019-Q3,Normal,
2019,4,2705.035400390625,2608.325439453125,61,2.8412,Britannia,2019,9.32,6.26,9.3,2019-Q4,Normal,
2020,1,2402.306884765625,2715.622314453125,63,-11.1913,Britannia,2020,6.02,9.32,6.26,2020-Q1,Normal,
2020,2,3255.305908203125,2291.43603515625,59,35.5075,Britannia,2020,-42.3,6.02,9.32,2020-Q2,COVID Quarter,
2020,3,3505.527099609375,3203.05029296875,66,7.6866,Britannia,2020,-6.19,-42.3,6.02,2020-Q3,COVID Quarter,-0.112940648049554
2020,4,3300.8154296875,3515.171875,63,-5.8397,Britannia,2020,6.02,-6.19,-42.3,2020-Q4,Normal,-0.1538241918941346
2021,1,3345.763671875,3292.924072265625,61,1.3617,Britannia,2021,9.14,6.02,-6.19,2021-Q1,Normal,-0.14323978018426145
2021,2,3436.925048828125,3339.718017578125,61,2.7247,Britannia,2021,78.29,9.14,6.02,2021-Q2,Normal,-0.024679232497204582
2021,3,3718.77978515625,3386.2138671875,63,8.2008,Britannia,2021,26.26,78.29,9.14,2021-Q3,Normal,0.05271465952859711
2021,4,3395.819091796875,3692.55322265625,63,-8.6846,Britannia,2021,14.68,26.26,78.29,2021-Q4,Normal,-0.01567994148016412
2022,1,3019.51025390625,3406.6962890625,61,-11.0815,Britannia,2022,11.88,14.68,26.26,2022-Q1,Normal,-0.03858447494687226
2022,2,3320.662109375,3042.346923828125,62,9.9735,Britannia,2022,35.4,11.88,14.68,2022-Q2,Normal,0.03168216386503032
2022,3,3681.476806640625,3433.6533203125,63,10.8657,Britannia,2022,20.74,35.4,11.88,2022-Q3,Normal,0.41995562423281063
2022,4,4126.3515625,3610.491943359375,62,12.0841,Britannia,2022,14.52,20.74,35.4,2022-Q4,Normal,0.26896622402145487
2023,1,4140.43359375,4111.69482421875,62,0.3413,Britannia,2023,14.58,14.52,20.74,2023-Q1,Normal,0.2751695115586271
2023,2,4895.830078125,4142.25390625,60,18.2444,Britannia,2023,15.21,14.58,14.52,2023-Q2,Normal,0.12103899326558297
2023,3,4420.916015625,4879.99609375,63,-9.7004,Britannia,2023,14.55,15.21,14.58,2023-Q3,Normal,0.09947394992738424
2023,4,5201.68896484375,4380.28515625,60,17.6609,Britannia,2023,15.27,14.55,15.21,2023-Q4,Normal,0.1883141765494155
2024,1,4785.4326171875,5183.51611328125,60,-8.0023,Britannia,2024,14.81,15.27,14.55,2024-Q1,Normal,0.16891744238945028
2024,2,5335.2763671875,4769.7939453125,60,11.4899,Britannia,2024,12.71,14.81,15.27,2024-Q2,Normal,0.18313075253990818
2024,3,6256.16259765625,5336.2021484375,64,17.2603,Britannia,2024,8.0,12.71,14.81,2024-Q3,Normal,-0.05309567702677779
2024,4,4737.36669921875,6362.6669921875,61,-24.2768,Britannia,2024,9.5,8.0,12.71,2024-Q4,Normal,0.5106062209615104
2018,4,403.1290588378906,409.7877502441406,61,1.221,Dabur,2018,9.87,45.46,,2018-Q4,Normal,
2019,1,384.6880187988281,394.8914489746094,60,-4.5745,Dabur,2019,16.07,9.87,45.46,2019-Q1,Normal,
2019,2,374.9058227539063,375.3270263671875,60,-2.5429,Dabur,2019,9.3,16.07,9.87,2019-Q2,Normal,
2019,3,420.1219482421875,376.075927734375,62,12.0607,Dabur,2019,6.26,9.3,16.07,2019-Q3,Normal,
2019,4,431.8619689941406,412.9828796386719,61,2.7944,Dabur,2019,9.32,6.26,9.3,2019-Q4,Normal,
2020,1,423.9953308105469,433.1808776855469,63,-1.8216,Dabur,2020,6.02,9.32,6.26,2020-Q1,Normal,
2020,2,438.974853515625,409.6753540039063,59,3.5329,Dabur,2020,-42.3,6.02,9.32,2020-Q2,COVID Quarter,
2020,3,482.5258483886719,439.5871887207031,66,9.9211,Dabur,2020,-6.19,-42.3,6.02,2020-Q3,COVID Quarter,-0.4763970739525435
2020,4,506.4095153808594,485.5974731445313,63,4.9497,Dabur,2020,6.02,-6.19,-42.3,2020-Q4,Normal,-0.5546218511154261
2021,1,512.57373046875,506.5992431640625,61,1.2172,Dabur,2021,9.14,6.02,-6.19,2021-Q1,Normal,-0.5517931858205563
2021,2,539.3641357421875,510.8193664550781,61,5.2266,Dabur,2021,78.29,9.14,6.02,2021-Q2,Normal,-0.44820889592074376
2021,3,588.1586303710938,559.279052734375,63,9.0467,Dabur,2021,26.26,78.29,9.14,2021-Q3,Normal,0.04976972461015802
2021,4,555.1842041015625,589.0165405273438,63,-5.6064,Dabur,2021,14.68,26.26,78.29,2021-Q4,Normal,-0.09376055886506417
2022,1,513.2139282226562,556.2371826171875,61,-7.5597,Dabur,2022,11.88,14.68,26.26,2022-Q1,Normal,-0.108344022141652
2022,2,474.689453125,519.1961059570312,62,-7.5065,Dabur,2022,35.4,11.88,14.68,2022-Q2,Normal,-0.08957072211114957
2022,3,551.0538940429688,489.3335571289063,63,16.0872,Dabur,2022,20.74,35.4,11.88,2022-Q3,Normal,0.39152142164586706
2022,4,542.405029296875,535.8577270507812,62,-1.5695,Dabur,2022,14.52,20.74,35.4,2022-Q4,Normal,0.5130426343779337
2023,1,526.4165649414062,542.501708984375,62,-2.9477,Dabur,2023,14.58,14.52,20.74,2023-Q1,Normal,0.5603848717821112
2023,2,553.5150756835938,529.02490234375,60,5.1477,Dabur,2023,15.21,14.58,14.52,2023-Q2,Normal,0.5932060440187116
2023,3,535.3880004882812,562.4995727539062,63,-3.2749,Dabur,2023,14.55,15.21,14.58,2023-Q3,Normal,0.6951372842394605
2023,4,543.6184692382812,537.3291625976562,60,1.5373,Dabur,2023,15.27,14.55,15.21,2023-Q4,Normal,0.8325549396934704
2024,1,510.3984069824219,543.8624267578125,60,-6.1109,Dabur,2024,14.81,15.27,14.55,2024-Q1,Normal,0.8363239088228434
2024,2,586.0582275390625,516.252197265625,60,14.8237,Dabur,2024,12.71,14.81,15.27,2024-Q2,Normal,0.5550783343598296
2024,3,612.5733642578125,596.0584106445312,64,4.5243,Dabur,2024,8.0,12.71,14.81,2024-Q3,Normal,-0.27178304335562303
2024,4,497.6060791015625,606.4985961914062,61,-18.7679,Dabur,2024,9.5,8.0,12.71,2024-Q4,Normal,0.6436383188315201
2018,4,766.6055297851562,749.1111450195312,61,6.0765,Godrej,2018,9.87,45.46,,2018-Q4,Normal,
2019,1,657.7003784179688,763.4847412109375,60,-14.2062,Godrej,2019,16.07,9.87,45.46,2019-Q1,Normal,
2019,2,630.8375244140625,642.0520629882812,60,-4.0844,Godrej,2019,9.3,16.07,9.87,2019-Q2,Normal,
2019,3,655.926513671875,632.4549560546875,62,3.9771,Godrej,2019,6.26,9.3,16.07,2019-Q3,Normal,
2019,4,655.0985717773438,648.9597778320312,61,-0.1262,Godrej,2019,9.32,6.26,9.3,2019-Q4,Normal,
2020,1,499.9690856933594,661.60595703125,63,-23.6803,Godrej,2020,6.02,9.32,6.26,2020-Q1,Normal,
2020,2,663.105712890625,526.7506103515625,59,32.6293,Godrej,2020,-42.3,6.02,9.32,2020-Q2,COVID Quarter,
2020,3,695.8866577148438,666.9933471679688,66,4.9435,Godrej,2020,-6.19,-42.3,6.02,2020-Q3,COVID Quarter,-0.060683030605048
2020,4,710.477294921875,704.6217651367188,63,2.0967,Godrej,2020,6.02,-6.19,-42.3,2020-Q4,Normal,-0.1952328381123782
2021,1,700.3982543945312,709.3253784179688,61,-1.4186,Godrej,2021,9.14,6.02,-6.19,2021-Q1,Normal,-0.14733411623341636
2021,2,835.3616333007812,697.1824951171875,61,19.2695,Godrej,2021,78.29,9.14,6.02,2021-Q2,Normal,-0.015381745886347045
2021,3,988.6112670898438,852.4479370117188,63,18.3453,Godrej,2021,26.26,78.29,9.14,2021-Q3,Normal,0.23408857264196314
2021,4,929.5286865234376,979.4440307617188,63,-5.9763,Godrej,2021,14.68,26.26,78.29,2021-Q4,Normal,0.17009538207163716
2022,1,717.3406982421875,919.2096557617188,61,-22.8275,Godrej,2022,11.88,14.68,26.26,2022-Q1,Normal,0.13391194005451507
2022,2,727.1798095703125,722.8121948242188,62,1.3716,Godrej,2022,35.4,11.88,14.68,2022-Q2,Normal,0.2249891550511903
2022,3,873.9498901367188,750.169677734375,63,20.1835,Godrej,2022,20.74,35.4,11.88,2022-Q3,Normal,0.4225338596401974
2022,4,839.0091552734375,849.5682373046875,62,-3.998,Godrej,2022,14.52,20.74,35.4,2022-Q4,Normal,0.4522218857516216
2023,1,929.3367919921876,857.6795043945312,62,10.766,Godrej,2023,14.58,14.52,20.74,2023-Q1,Normal,0.39030434184526275
2023,2,1037.66259765625,925.8330078125,60,11.6562,Godrej,2023,15.21,14.58,14.52,2023-Q2,Normal,0.5001428584164633
2023,3,951.8466186523438,1018.4163818359376,63,-8.2701,Godrej,2023,14.55,15.21,14.58,2023-Q3,Normal,0.3938535548176316
2023,4,1091.2227783203125,953.0945434570312,60,14.6427,Godrej,2023,15.27,14.55,15.21,2023-Q4,Normal,0.4118049814885478
2024,1,1207.5609130859375,1104.34228515625,60,10.6613,Godrej,2024,14.81,15.27,14.55,2024-Q1,Normal,0.4096381544059296
2024,2,1337.21875,1184.9395751953125,60,10.7372,Godrej,2024,12.71,14.81,15.27,2024-Q2,Normal,0.33572184480524003
2024,3,1359.2327880859375,1358.795654296875,64,1.6463,Godrej,2024,8.0,12.71,14.81,2024-Q3,Normal,-0.4251703129619354
2024,4,1038.5386962890625,1354.2091064453125,61,-23.5938,Godrej,2024,9.5,8.0,12.71,2024-Q4,Normal,0.7994839258116182
2018,4,335.0901184082031,297.30255126953125,61,12.7778,Marico,2018,9.87,45.46,,2018-Q4,Normal,
2019,1,305.2800598144531,334.10302734375,60,-8.8961,Marico,2019,16.07,9.87,45.46,2019-Q1,Normal,
2019,2,335.0755615234375,314.6843566894531,60,9.7601,Marico,2019,9.3,16.07,9.87,2019-Q2,Normal,
2019,3,356.5066223144531,334.8043212890625,62,6.3959,Marico,2019,6.26,9.3,16.07,2019-Q3,Normal,
2019,4,311.2076110839844,350.67413330078125,61,-12.7064,Marico,2019,9.32,6.26,9.3,2019-Q4,Normal,
2020,1,253.7657928466797,314.9883728027344,63,-18.4577,Marico,2020,6.02,9.32,6.26,2020-Q1,Normal,
2020,2,324.9051208496094,245.13302612304688,59,28.0335,Marico,2020,-42.3,6.02,9.32,2020-Q2,COVID Quarter,
2020,3,335.15362548828125,324.35113525390625,66,3.1543,Marico,2020,-6.19,-42.3,6.02,2020-Q3,COVID Quarter,0.13419631343053223
2020,4,374.7893981933594,334.13800048828125,63,11.8262,Marico,2020,6.02,-6.19,-42.3,2020-Q4,Normal,-0.09163570936272403
2021,1,387.18255615234375,378.0007019042969,61,3.3067,Marico,2021,9.14,6.02,-6.19,2021-Q1,Normal,-0.03805315941485194
2021,2,499.6754760742188,383.37005615234375,61,29.0542,Marico,2021,78.29,9.14,6.02,2021-Q2,Normal,0.03370987370426927
2021,3,515.3961791992188,503.5350036621094,63,3.1462,Marico,2021,26.26,78.29,9.14,2021-Q3,Normal,-0.03847067980612917
2021,4,485.1990051269531,517.3259887695312,63,-5.859,Marico,2021,14.68,26.26,78.29,2021-Q4,Normal,-0.11034455561011357
2022,1,482.7469177246094,486.5713195800781,61,-0.5054,Marico,2022,11.88,14.68,26.26,2022-Q1,Normal,-0.16166384186558103
2022,2,458.0201721191406,496.6916809082031,62,-5.1221,Marico,2022,35.4,11.88,14.68,2022-Q2,Normal,-0.14103463521246887
2022,3,515.4762573242188,470.7669067382813,63,12.5444,Marico,2022,20.74,35.4,11.88,2022-Q3,Normal,-0.18145350402921503
2022,4,488.6410827636719,507.4736633300781,62,-5.2059,Marico,2022,14.52,20.74,35.4,2022-Q4,Normal,-0.0756691336139919
2023,1,464.00927734375,485.1908264160156,62,-5.0409,Marico,2023,14.58,14.52,20.74,2023-Q1,Normal,-0.02769882969345247
2023,2,513.4758911132812,463.91259765625,60,10.6607,Marico,2023,15.21,14.58,14.52,2023-Q2,Normal,0.2740288436817863
2023,3,543.16552734375,515.7001342773438,63,5.7821,Marico,2023,14.55,15.21,14.58,2023-Q3,Normal,0.33832858899401874
2023,4,533.4451293945312,556.7531127929688,60,-1.7896,Marico,2023,15.27,14.55,15.21,2023-Q4,Normal,0.5485725888161077
2024,1,489.6921081542969,527.36669921875,60,-8.202,Marico,2024,14.81,15.27,14.55,2024-Q1,Normal,0.5414112826550826
2024,2,603.7434692382812,488.3132019042969,60,23.2904,Marico,2024,12.71,14.81,15.27,2024-Q2,Normal,0.21272569392774987
2024,3,684.8992309570312,611.1301879882812,64,13.4421,Marico,2024,8.0,12.71,14.81,2024-Q3,Normal,-0.42620214407417223
2024,4,632.5025634765625,683.1755981445312,61,-7.6503,Marico,2024,9.5,8.0,12.71,2024-Q4,Normal,0.28565738652775785
2018,4,504.848876953125,435.6045227050781,61,14.8208,Nestle,2018,9.87,45.46,,2018-Q4,Normal,
2019,1,504.313720703125,501.6698303222656,60,-0.106,Nestle,2019,16.07,9.87,45.46,2019-Q1,Normal,
2019,2,544.982421875,497.1199951171875,60,8.0642,Nestle,2019,9.3,16.07,9.87,2019-Q2,Normal,
2019,3,646.5137329101562,542.976318359375,62,18.6302,Nestle,2019,6.26,9.3,16.07,2019-Q3,Normal,
2019,4,690.8751220703125,636.827392578125,61,6.8616,Nestle,2019,9.32,6.26,9.3,2019-Q4,Normal,
2020,1,761.6782836914062,690.5809326171875,63,10.2483,Nestle,2020,6.02,9.32,6.26,2020-Q1,Normal,
2020,2,805.482177734375,731.4902954101562,59,5.751,Nestle,2020,-42.3,6.02,9.32,2020-Q2,COVID Quarter,
2020,3,746.585205078125,787.86669921875,66,-7.312,Nestle,2020,-6.19,-42.3,6.02,2020-Q3,COVID Quarter,0.7548933644806569
2020,4,869.3590087890625,750.4240112304688,63,16.4447,Nestle,2020,6.02,-6.19,-42.3,2020-Q4,Normal,0.568830356988396
2021,1,811.4473876953125,872.2166137695312,61,-6.6614,Nestle,2021,9.14,6.02,-6.19,2021-Q1,Normal,0.5038397544910522
2021,2,838.096435546875,807.5686645507812,61,3.2841,Nestle,2021,78.29,9.14,6.02,2021-Q2,Normal,0.47370698688593765
2021,3,924.2469482421876,838.7238159179688,63,10.2793,Nestle,2021,26.26,78.29,9.14,2021-Q3,Normal,0.44305887043450476
2021,4,942.1549072265624,929.2090454101562,63,1.9376,Nestle,2021,14.68,26.26,78.29,2021-Q4,Normal,0.41645453865893295
2022,1,830.9865112304688,940.8281860351562,61,-11.7994,Nestle,2022,11.88,14.68,26.26,2022-Q1,Normal,0.34361301610529943
2022,2,839.3902587890625,839.432373046875,62,1.0113,Nestle,2022,35.4,11.88,14.68,2022-Q2,Normal,0.36201087315934133
2022,3,919.8601684570312,855.0079345703125,63,9.5867,Nestle,2022,20.74,35.4,11.88,2022-Q3,Normal,0.23454543615625498
2022,4,947.626220703125,912.5474853515624,62,3.0185,Nestle,2022,14.52,20.74,35.4,2022-Q4,Normal,0.6644632375860362
2023,1,952.3870849609376,945.4778442382812,62,0.5024,Nestle,2023,14.58,14.52,20.74,2023-Q1,Normal,0.6172332412898154
2023,2,1112.1019287109375,952.4329833984376,60,16.77,Nestle,2023,15.21,14.58,14.52,2023-Q2,Normal,0.37928679396772147
2023,3,1093.28369140625,1099.3870849609375,63,-1.6921,Nestle,2023,14.55,15.21,14.58,2023-Q3,Normal,0.3168044200375695
2023,4,1298.6533203125,1083.9742431640625,60,18.7847,Nestle,2023,15.27,14.55,15.21,2023-Q4,Normal,0.18649787567914558
2024,1,1284.8372802734375,1337.3533935546875,60,-1.0639,Nestle,2024,14.81,15.27,14.55,2024-Q1,Normal,0.1474244183441252
2024,2,1250.1971435546875,1266.831298828125,60,-2.6961,Nestle,2024,12.71,14.81,15.27,2024-Q2,Normal,0.1410356154299877
2024,3,1323.674560546875,1258.257080078125,64,5.8773,Nestle,2024,8.0,12.71,14.81,2024-Q3,Normal,-0.17313474553720168
2024,4,1062.8466796875,1332.089111328125,61,-19.7048,Nestle,2024,9.5,8.0,12.71,2024-Q4,Normal,0.6284229205666148
