REVENUE COLLECTION STATE WISE MONTH WISE DURING FINANCIAL YEAR 2021-2022,,,,,,,,, ,,,,,,,,,,,,,,,,,,,,,,,,,,,,,,,,,,,,,,,,,,,,,,,,,,,,,,,,,
,,,,,,,,,,,,,,,,,,,,,,,,,,,,,,,,,,,,,,,,,,,,,,,,,,,,,,,,,,,,,,,,,,
,,(Rs. In Crore),,,,,,,,,,,,,,,,,,,,,,,,,,,,,,,,,,,,,,,,,,,,,,,,,,,,,,,,,,,,,,,,
State Wise Domestic GST Collection,,,,,,,,,,,,,,,,,,,,,,,,,,,,,,,,,,,,,,,,,,,,,,,,,,,,,,,,,,,,,,,,,,
State Cd,State,Financial Year 2021-22,,,,,Apr-21,,,,,May-21,,,,,Jun-21,,,,,Jul-21,,,,,Aug-21,,,,,Sep-21,,,,,Oct-21,,,,,Nov-21,,,,,Dec-21,,,,,Jan-22,,,,,Feb-22,,,,,Mar-22,,,,
,,CGST,SGST,IGST,CESS,TOTAL,CGST,SGST,IGST,CESS,TOTAL,CGST,SGST,IGST,CESS,TOTAL,CGST,SGST,IGST,CESS,TOTAL,CGST,SGST,IGST,CESS,TOTAL,CGST,SGST,IGST,CESS,TOTAL,CGST,SGST,IGST,CESS,TOTAL,CGST,SGST,IGST,CESS,TOTAL,CGST,SGST,IGST,CESS,TOTAL,CGST,SGST,IGST,CESS,TOTAL,CGST,SGST,IGST,CESS,TOTAL,CGST,SGST,IGST,CESS,TOTAL,CGST,SGST,IGST,CESS,TOTAL
01,Jammu and Kashmir," 1,378 "," 2,066 "," 1,194 ", 54 ," 4,692 ", 150.80 , 244.63 , 109.02 , 4.42 , 508.86 , 60.74 , 93.22 , 74.39 , 3.68 , 232.03 , 75.58 , 123.78 , 95.25 , 5.13 , 299.75 , 112.07 , 182.95 , 129.40 , 7.36 , 431.78 , 102.62 , 154.29 , 126.34 , 8.57 , 391.83 , 106.98 , 162.33 , 101.08 , 6.79 , 377.19 , 240.44 , 298.35 , 104.66 , 4.89 , 648.34 , 110.59 , 161.09 , 107.35 , 3.79 , 382.81 , 95.92 , 143.84 , 78.84 , 1.40 , 320.00 , 112.93 , 198.36 , 91.16 , 2.23 , 404.68 , 96.86 , 136.46 , 90.67 , 2.43 , 326.42 , 112.42 , 166.71 , 85.65 , 3.62 , 368.40 
02,Himachal Pradesh," 1,381 "," 1,997 "," 4,629 ", 17 ," 8,023 ", 142.41 , 196.70 , 423.87 , 0.87 , 763.85 , 75.16 , 109.61 , 354.68 , 0.63 , 540.09 , 87.31 , 119.87 , 311.13 , 0.78 , 519.10 , 120.78 , 184.60 , 360.38 , 0.89 , 666.64 , 115.23 , 173.99 , 414.16 , 0.79 , 704.17 , 108.43 , 157.13 , 413.32 , 1.04 , 679.92 , 110.72 , 159.76 , 417.79 , 1.16 , 689.42 , 123.57 , 188.60 , 446.86 , 2.91 , 761.93 , 138.91 , 192.97 , 328.79 , 1.51 , 662.18 , 127.19 , 194.38 , 368.83 , 4.45 , 694.85 , 108.59 , 155.48 , 392.19 , 0.98 , 657.24 , 122.83 , 163.50 , 396.68 , 0.89 , 683.90 
03,Punjab," 4,587 "," 6,896 "," 6,701 ", 222 ," 18,406 ", 466.40 , 728.68 , 708.49 , 20.53 ," 1,924.10 ", 288.27 , 462.95 , 493.13 , 21.43 ," 1,265.78 ", 274.91 , 410.85 , 407.81 , 17.56 ," 1,111.14 ", 398.27 , 597.68 , 516.73 , 20.35 ," 1,533.03 ", 363.17 , 529.76 , 502.94 , 18.27 ," 1,414.13 ", 338.76 , 518.50 , 526.24 , 18.66 ," 1,402.16 ", 410.27 , 606.44 , 560.87 , 17.86 ," 1,595.45 ", 463.04 , 704.95 , 655.52 , 21.71 ," 1,845.22 ", 381.23 , 563.43 , 616.46 , 11.40 ," 1,572.52 ", 422.29 , 659.09 , 583.15 , 25.75 ," 1,690.28 ", 367.37 , 516.98 , 584.59 , 11.21 ," 1,480.15 ", 412.60 , 596.47 , 545.33 , 17.47 ," 1,571.87 "
04,Chandigarh, 366 , 507 ," 1,091 ", 15 ," 1,979 ", 35.28 , 48.97 , 118.23 , 0.81 , 203.29 , 21.68 , 25.50 , 81.57 , 1.21 , 129.95 , 21.01 , 28.42 , 69.64 , 1.38 , 120.45 , 30.58 , 42.03 , 95.92 , 0.38 , 168.92 , 27.83 , 38.40 , 77.52 , 0.41 , 144.17 , 28.35 , 39.18 , 84.08 , 0.72 , 152.33 , 28.46 , 38.62 , 89.38 , 1.34 , 157.80 , 35.87 , 48.94 , 92.55 , 2.30 , 179.67 , 32.09 , 47.47 , 83.80 , 0.70 , 164.06 , 37.91 , 59.54 , 93.80 , 4.71 , 195.96 , 32.88 , 45.79 , 98.79 , 0.82 , 178.28 , 33.91 , 43.75 , 105.71 , 0.38 , 183.75 
05,Uttarakhand," 2,578 "," 3,780 "," 7,235 ", 87 ," 13,680 ", 256.16 , 389.90 , 761.40 , 14.47 ," 1,421.94 ", 156.33 , 224.74 , 503.27 , 9.07 , 893.42 , 154.89 , 209.14 , 332.49 , 5.77 , 702.29 , 226.84 , 313.22 , 558.27 , 7.30 ," 1,105.63 ", 213.29 , 303.17 , 566.18 , 6.84 ," 1,089.49 ", 211.78 , 288.42 , 626.13 , 4.33 ," 1,130.66 ", 222.92 , 355.77 , 678.11 , 2.53 ," 1,259.33 ", 233.41 , 356.99 , 665.76 , 7.11 ," 1,263.27 ", 211.90 , 317.91 , 539.13 , 7.57 ," 1,076.51 ", 242.60 , 360.92 , 693.35 , 9.22 ," 1,306.09 ", 226.34 , 332.38 , 613.26 , 3.63 ," 1,175.61 ", 221.13 , 327.54 , 697.51 , 9.15 ," 1,255.33 "
06,Haryana," 11,269 "," 15,116 "," 36,780 "," 4,977 "," 68,142 "," 1,038.46 "," 1,450.92 "," 3,677.26 ", 491.67 ," 6,658.31 ", 722.18 , 921.83 ," 2,591.74 ", 427.23 ," 4,662.99 ", 678.70 , 870.28 ," 2,096.92 ", 155.09 ," 3,800.99 ", 944.68 ," 1,259.80 "," 2,700.66 ", 424.50 ," 5,329.64 ", 941.23 ," 1,287.06 "," 2,902.08 ", 487.29 ," 5,617.66 ", 896.25 ," 1,197.52 "," 3,078.68 ", 404.64 ," 5,577.09 ", 954.53 ," 1,229.02 "," 3,102.35 ", 319.61 ," 5,605.52 ", 999.80 ," 1,377.16 "," 3,197.72 ", 440.86 ," 6,015.54 ", 946.75 ," 1,298.19 "," 3,201.61 ", 426.65 ," 5,873.20 "," 1,038.75 "," 1,420.77 "," 3,470.79 ", 489.40 ," 6,419.71 "," 1,050.37 "," 1,399.91 "," 3,008.60 ", 469.29 ," 5,928.17 "," 1,057.60 "," 1,403.64 "," 3,751.21 ", 441.08 ," 6,653.53 "
07,Delhi," 9,292 "," 11,329 "," 24,609 "," 1,022 "," 46,253 "," 1,146.10 "," 1,375.87 "," 2,449.03 ", 82.29 ," 5,053.29 ", 538.04 , 624.07 ," 1,533.24 ", 75.48 ," 2,770.82 ", 497.13 , 601.89 ," 1,494.28 ", 62.32 ," 2,655.62 ", 773.76 , 947.34 ," 2,040.37 ", 53.59 ," 3,815.06 ", 721.39 , 876.01 ," 1,926.19 ", 81.89 ," 3,605.48 ", 695.21 , 849.50 ," 1,972.24 ", 87.77 ," 3,604.71 ", 835.68 ," 1,012.64 "," 2,106.29 ", 90.17 ," 4,044.79 ", 877.51 ," 1,087.95 "," 2,323.12 ", 98.33 ," 4,386.92 ", 741.01 , 924.64 ," 2,002.74 ", 85.40 ," 3,753.79 ", 870.82 ," 1,104.48 "," 2,454.72 ", 98.71 ," 4,528.73 ", 777.90 , 939.01 ," 2,103.11 ", 101.63 ," 3,921.65 ", 817.25 , 985.54 ," 2,204.14 ", 104.79 ," 4,111.72 "
08,Rajasthan," 10,231 "," 13,443 "," 12,934 "," 1,872 "," 38,480 "," 1,044.75 "," 1,368.78 "," 1,276.01 ", 130.79 ," 3,820.33 ", 579.26 , 782.08 , 913.53 , 189.01 ," 2,463.88 ", 621.09 , 781.45 , 683.54 , 89.88 ," 2,175.95 ", 858.43 ," 1,144.63 "," 1,006.67 ", 119.06 ," 3,128.80 ", 797.71 ," 1,029.31 "," 1,057.05 ", 164.45 ," 3,048.53 ", 739.56 , 987.22 ," 1,070.89 ", 161.09 ," 2,958.77 ", 925.53 ," 1,212.64 "," 1,128.78 ", 155.94 ," 3,422.88 ", 992.40 ," 1,312.62 "," 1,208.90 ", 184.51 ," 3,698.42 ", 812.64 ," 1,072.85 ", 987.82 , 184.20 ," 3,057.51 ", 971.70 ," 1,289.86 "," 1,215.70 ", 171.41 ," 3,648.67 ", 934.17 ," 1,213.39 "," 1,165.58 ", 155.54 ," 3,468.68 ", 953.69 ," 1,247.73 "," 1,219.47 ", 166.60 ," 3,587.49 "
09,Uttar Pradesh," 16,876 "," 23,766 "," 20,574 "," 12,649 "," 73,865 "," 1,746.12 "," 2,493.75 "," 2,031.18 "," 1,083.95 "," 7,355.00 "," 1,002.21 "," 1,436.93 "," 1,223.24 "," 1,047.18 "," 4,709.56 "," 1,091.48 "," 1,540.30 "," 1,175.67 ", 780.91 ," 4,588.36 "," 1,414.22 "," 2,030.79 "," 1,565.30 "," 1,000.33 "," 6,010.64 "," 1,377.19 "," 1,903.54 "," 1,621.48 "," 1,043.91 "," 5,946.12 "," 1,290.71 "," 1,826.51 "," 1,524.47 "," 1,050.09 "," 5,691.79 "," 1,574.74 "," 2,114.90 "," 2,000.73 "," 1,084.31 "," 6,774.69 "," 1,507.60 "," 2,157.92 "," 1,803.14 "," 1,167.49 "," 6,636.15 "," 1,323.86 "," 1,892.58 "," 1,704.26 "," 1,108.03 "," 6,028.73 "," 1,529.52 "," 2,178.70 "," 2,181.83 "," 1,095.50 "," 6,985.55 "," 1,465.09 "," 2,022.52 "," 1,754.00 "," 1,277.04 "," 6,518.65 "," 1,552.93 "," 2,167.95 "," 1,988.90 ", 909.98 ," 6,619.76 "
10,Bihar," 3,793 "," 6,083 "," 1,718 "," 1,940 "," 13,534 ", 440.54 , 675.73 , 227.95 , 164.00 ," 1,508.21 ", 198.92 , 366.65 , 110.92 , 172.55 , 849.04 , 242.46 , 368.62 , 119.86 , 158.01 , 888.95 , 357.19 , 603.26 , 149.34 , 171.21 ," 1,280.99 ", 287.83 , 478.67 , 144.73 , 125.72 ," 1,036.95 ", 222.85 , 365.45 , 126.89 , 160.36 , 875.55 , 444.22 , 620.40 , 138.59 , 147.89 ," 1,351.10 ", 284.03 , 481.25 , 113.19 , 151.47 ," 1,029.93 ", 258.35 , 441.66 , 113.76 , 149.17 , 962.94 , 327.85 , 552.08 , 145.40 , 171.09 ," 1,196.42 ", 351.46 , 550.11 , 156.36 , 148.41 ," 1,206.34 ", 377.01 , 579.55 , 170.81 , 220.53 ," 1,347.90 "
11,Sikkim, 188 , 254 ," 2,368 ", 1 ," 2,811 ", 25.02 , 34.94 , 197.75 , 0.15 , 257.85 , 10.30 , 11.87 , 227.60 , 0.03 , 249.80 , 11.04 , 17.75 , 182.92 , 0.01 , 211.73 , 15.64 , 23.67 , 158.00 , 0.02 , 197.33 , 12.57 , 16.23 , 190.26 , 0.03 , 219.08 , 14.99 , 20.07 , 224.97 , 0.01 , 260.04 , 15.81 , 24.30 , 217.19 , 0.04 , 257.34 , 13.36 , 18.65 , 175.21 , 0.10 , 207.32 , 23.60 , 21.67 , 203.63 , 0.05 , 248.95 , 15.00 , 24.72 , 209.51 , 0.38 , 249.61 , 15.60 , 21.26 , 185.30 , 0.11 , 222.27 , 15.14 , 19.23 , 195.57 , 0.02 , 229.96 
12,Arunachal Pradesh, 264 , 337 , 107 , 2 , 710 , 43.65 , 51.05 , 8.32 , 0.22 , 103.24 , 13.70 , 17.65 , 5.13 , 0.01 , 36.49 , 13.18 , 15.91 , 3.87 , 0.13 , 33.09 , 21.25 , 26.15 , 8.06 , 0.03 , 55.49 , 19.60 , 23.72 , 9.81 , 0.22 , 53.35 , 18.71 , 25.35 , 11.15 , 0.06 , 55.28 , 16.12 , 23.25 , 6.95 , 0.21 , 46.53 , 13.12 , 17.59 , 9.53 , 0.04 , 40.28 , 17.72 , 25.16 , 9.74 , 0.11 , 52.73 , 25.59 , 33.37 , 12.50 , 0.70 , 72.16 , 18.59 , 26.26 , 10.98 , 0.16 , 55.99 , 42.46 , 51.18 , 11.21 , 0.14 , 104.99 
13,Nagaland, 141 , 190 , 75 , 14 , 420 , 19.13 , 24.38 , 7.62 , 0.47 , 51.60 , 11.27 , 14.63 , 3.46 , 0.05 , 29.40 , 11.30 , 15.55 , 2.89 , 0.39 , 30.14 , 8.89 , 12.50 , 6.20 , 0.59 , 28.18 , 11.31 , 14.71 , 5.39 , 0.43 , 31.84 , 9.98 , 13.37 , 6.65 , 0.48 , 30.49 , 13.55 , 17.09 , 6.23 , 1.47 , 38.34 , 10.01 , 13.25 , 6.40 , 0.58 , 30.24 , 11.39 , 14.87 , 5.57 , 1.87 , 33.70 , 12.24 , 20.04 , 6.54 , 1.73 , 40.55 , 9.05 , 12.24 , 9.60 , 1.95 , 32.84 , 12.75 , 17.29 , 8.50 , 4.14 , 42.68 
14,Manipur, 211 , 287 , 52 , 2 , 551 , 43.43 , 55.39 , 3.61 , 0.25 , 102.67 , 7.71 , 10.53 , 3.37 , 0.00 , 21.62 , 8.64 , 11.06 , 2.11 , 0.04 , 21.84 , 14.09 , 19.84 , 3.19 , 0.27 , 37.38 , 15.84 , 23.20 , 5.43 , 0.04 , 44.52 , 11.86 , 17.52 , 3.32 , 0.12 , 32.81 , 27.23 , 32.93 , 4.02 , 0.06 , 64.24 , 12.13 , 17.94 , 5.33 , 0.10 , 35.49 , 17.84 , 25.02 , 4.70 , 0.30 , 47.86 , 16.13 , 20.82 , 7.26 , 0.09 , 44.30 , 14.12 , 19.52 , 5.02 , 0.13 , 38.79 , 22.18 , 32.82 , 4.36 , 0.28 , 59.64 
15,Mizoram, 118 , 163 , 35 , 0 , 316 , 22.14 , 30.10 , 5.09 , 0.01 , 57.34 , 4.94 , 6.89 , 2.89 , 0.01 , 14.73 , 5.79 , 7.92 , 3.64 , 0.02 , 17.38 , 6.94 , 11.38 , 2.64 , 0.03 , 20.99 , 5.89 , 8.05 , 1.97 , 0.03 , 15.95 , 7.50 , 10.91 , 1.11 , 0.05 , 19.57 , 12.52 , 15.97 , 3.31 , 0.04 , 31.83 , 8.90 , 12.03 , 2.05 , 0.02 , 23.01 , 7.42 , 10.24 , 1.91 , 0.03 , 19.60 , 11.99 , 17.51 , 5.09 , 0.17 , 34.76 , 9.65 , 12.26 , 2.29 , 0.03 , 24.23 , 14.24 , 19.98 , 2.54 , 0.01 , 36.77 
16,Tripura, 294 , 388 , 92 , 2 , 777 , 43.53 , 56.93 , 9.45 , 0.16 , 110.07 , 13.90 , 19.22 , 5.98 , 0.05 , 39.14 , 16.19 , 21.85 , 4.58 , 0.09 , 42.71 , 24.54 , 32.68 , 7.58 , 0.43 , 65.23 , 21.14 , 27.65 , 6.96 , 0.16 , 55.91 , 18.44 , 25.89 , 5.64 , 0.16 , 50.12 , 25.77 , 33.54 , 7.49 , 0.11 , 66.91 , 20.62 , 28.96 , 7.90 , 0.20 , 57.69 , 26.45 , 32.81 , 8.31 , 0.09 , 67.66 , 27.00 , 37.42 , 8.38 , 0.38 , 73.18 , 25.01 , 31.95 , 8.88 , 0.23 , 66.07 , 31.37 , 39.37 , 11.19 , 0.12 , 82.05 
17,Meghalaya, 294 , 367 ," 1,094 ", 9 ," 1,764 ", 39.67 , 46.35 , 119.67 , 0.43 , 206.12 , 14.23 , 16.75 , 93.14 , 0.21 , 124.33 , 13.98 , 17.26 , 73.46 , 0.15 , 104.85 , 21.90 , 28.98 , 70.10 , 0.12 , 121.10 , 22.64 , 27.60 , 66.95 , 2.17 , 119.36 , 22.62 , 29.24 , 67.53 , 0.14 , 119.54 , 23.58 , 27.08 , 89.30 , 0.24 , 140.20 , 27.05 , 35.63 , 89.21 , 0.31 , 152.18 , 21.86 , 27.12 , 99.16 , 0.49 , 148.63 , 26.95 , 35.60 , 83.27 , 0.49 , 146.31 , 31.25 , 38.37 , 130.20 , 0.74 , 200.56 , 28.52 , 36.69 , 112.22 , 3.49 , 180.92 
18,Assam," 3,641 "," 4,638 "," 3,325 ", 403 ," 12,007 ", 376.46 , 457.33 , 269.04 , 47.76 ," 1,150.59 ", 218.68 , 294.68 , 234.72 , 21.53 , 769.61 , 187.91 , 235.16 , 208.82 , 29.93 , 661.82 , 281.40 , 355.61 , 225.69 , 19.26 , 881.95 , 273.32 , 338.02 , 315.81 , 31.63 , 958.78 , 267.60 , 346.91 , 321.57 , 31.84 , 967.92 , 496.23 , 590.72 , 304.34 , 33.98 ," 1,425.27 ", 283.65 , 373.69 , 300.15 , 34.04 , 991.53 , 289.08 , 377.66 , 315.23 , 32.66 ," 1,014.63 ", 308.70 , 421.33 , 292.88 , 39.47 ," 1,062.38 ", 311.91 , 401.63 , 250.85 , 43.41 ," 1,007.80 ", 345.94 , 445.56 , 285.95 , 37.15 ," 1,114.60 "
19,West Bengal," 14,501 "," 18,164 "," 11,740 "," 3,494 "," 47,898 "," 1,624.73 "," 2,019.54 "," 1,219.83 ", 371.75 ," 5,235.85 "," 1,007.05 "," 1,322.10 ", 842.20 , 418.86 ," 3,590.21 ", 820.11 ," 1,020.95 ", 659.21 , 243.68 ," 2,743.94 "," 1,061.18 "," 1,346.36 ", 924.37 , 130.77 ," 3,462.68 "," 1,118.61 "," 1,396.35 ", 900.12 , 263.38 ," 3,678.45 "," 1,126.13 "," 1,412.85 "," 1,007.64 ", 231.67 ," 3,778.29 "," 1,344.22 "," 1,650.42 ", 997.07 , 267.69 ," 4,259.40 "," 1,263.58 "," 1,558.69 ", 954.87 , 305.60 ," 4,082.73 "," 1,149.87 "," 1,459.64 ", 820.71 , 276.37 ," 3,706.59 "," 1,329.17 "," 1,675.91 "," 1,140.81 ", 328.37 ," 4,474.26 "," 1,302.89 "," 1,644.41 "," 1,103.17 ", 363.96 ," 4,414.43 "," 1,353.23 "," 1,656.69 "," 1,169.80 ", 291.92 ," 4,471.64 "
20,Jharkhand," 5,041 "," 6,328 "," 11,055 "," 5,431 "," 27,854 ", 574.44 , 734.30 ," 1,103.59 ", 543.93 ," 2,956.26 ", 300.81 , 382.32 , 841.35 , 488.51 ," 2,012.99 ", 316.16 , 391.82 , 843.62 , 479.94 ," 2,031.53 ", 365.12 , 482.49 , 792.87 , 415.92 ," 2,056.40 ", 377.70 , 492.92 , 911.71 , 384.14 ," 2,166.47 ", 349.19 , 434.86 ," 1,009.52 ", 404.67 ," 2,198.24 ", 450.28 , 511.68 , 998.42 , 409.18 ," 2,369.56 ", 395.37 , 520.59 , 996.77 , 424.19 ," 2,336.92 ", 391.03 , 494.71 , 877.75 , 442.74 ," 2,206.23 ", 451.55 , 559.61 , 950.58 , 470.95 ," 2,432.69 ", 544.61 , 660.79 , 846.35 , 484.73 ," 2,536.48 ", 524.68 , 661.51 , 881.98 , 481.79 ," 2,549.96 "
21,Odisha," 10,827 "," 12,743 "," 12,925 "," 7,840 "," 44,335 ", 952.43 ," 1,126.67 "," 1,157.05 ", 613.33 ," 3,849.48 ", 690.32 , 827.43 ," 1,094.70 ", 584.30 ," 3,196.75 ", 743.16 , 858.83 , 842.65 , 555.27 ," 2,999.90 ", 927.52 ," 1,067.35 "," 1,028.16 ", 592.20 ," 3,615.23 ", 792.93 , 956.47 , 948.21 , 618.94 ," 3,316.55 ", 772.93 , 929.68 , 996.48 , 626.85 ," 3,325.94 ", 907.29 ," 1,053.48 "," 1,005.50 ", 627.07 ," 3,593.34 "," 1,001.08 "," 1,157.69 "," 1,223.24 ", 753.77 ," 4,135.77 ", 973.79 ," 1,118.65 "," 1,267.63 ", 720.07 ," 4,080.14 ", 965.92 ," 1,143.14 "," 1,134.15 ", 752.19 ," 3,995.40 ", 989.49 ," 1,152.37 "," 1,223.92 ", 735.71 ," 4,101.49 "," 1,109.85 "," 1,351.25 "," 1,003.47 ", 660.09 ," 4,124.66 "
22,Chhattisgarh," 5,847 "," 6,818 "," 10,045 "," 6,861 "," 29,571 ", 514.13 , 586.18 , 869.88 , 702.39 ," 2,672.57 ", 337.88 , 389.15 , 774.06 , 524.88 ," 2,025.97 ", 439.57 , 488.10 , 744.44 , 557.51 ," 2,229.63 ", 536.46 , 618.74 , 772.13 , 505.12 ," 2,432.44 ", 455.56 , 536.63 , 812.90 , 585.41 ," 2,390.50 ", 464.56 , 550.16 , 756.63 , 461.58 ," 2,232.92 ", 519.05 , 600.91 , 808.93 , 463.56 ," 2,392.45 ", 503.34 , 595.44 , 790.14 , 565.23 ," 2,454.14 ", 484.46 , 571.31 , 929.00 , 596.85 ," 2,581.62 ", 518.75 , 621.97 , 874.26 , 641.13 ," 2,656.11 ", 528.39 , 620.37 , 988.95 , 645.09 ," 2,782.80 ", 544.68 , 638.93 , 923.94 , 612.56 ," 2,720.11 "
23,Madhya Pradesh," 7,280 "," 9,433 "," 8,261 "," 6,280 "," 31,255 ", 745.02 , 970.14 , 796.31 , 538.56 ," 3,050.03 ", 382.90 , 491.04 , 578.98 , 475.48 ," 1,928.40 ", 437.98 , 556.08 , 545.76 , 558.62 ," 2,098.44 ", 644.39 , 855.94 , 672.68 , 484.03 ," 2,657.04 ", 578.87 , 767.31 , 630.01 , 461.87 ," 2,438.06 ", 508.41 , 682.60 , 678.57 , 459.53 ," 2,329.11 ", 654.01 , 817.46 , 714.88 , 479.27 ," 2,665.63 ", 638.56 , 852.95 , 753.40 , 562.89 ," 2,807.79 ", 592.69 , 748.86 , 644.47 , 546.86 ," 2,532.88 ", 718.30 , 920.77 , 734.12 , 586.12 ," 2,959.31 ", 666.04 , 858.95 , 726.38 , 601.45 ," 2,852.82 ", 713.28 , 911.32 , 785.03 , 525.51 ," 2,935.14 "
24,Gujarat," 26,934 "," 32,724 "," 31,235 "," 6,263 "," 97,155 "," 2,769.85 "," 3,323.04 "," 2,967.19 ", 572.28 ," 9,632.36 "," 1,655.66 "," 2,042.77 "," 2,074.08 ", 609.29 ," 6,381.79 "," 1,739.55 "," 2,081.72 "," 1,952.49 ", 353.97 ," 6,127.74 "," 2,183.06 "," 2,703.74 "," 2,310.17 ", 431.68 ," 7,628.64 "," 2,000.89 "," 2,499.95 "," 2,507.44 ", 547.96 ," 7,556.24 "," 2,044.98 "," 2,491.30 "," 2,732.34 ", 511.33 ," 7,779.95 "," 2,265.19 "," 2,773.34 "," 2,951.96 ", 506.39 ," 8,496.88 "," 2,657.94 "," 3,207.78 "," 3,078.37 ", 624.89 ," 9,568.99 "," 2,144.51 "," 2,551.92 "," 2,165.31 ", 474.18 ," 7,335.92 "," 2,430.91 "," 2,960.16 "," 2,613.78 ", 611.47 ," 8,616.32 "," 2,478.13 "," 3,007.46 "," 2,768.51 ", 618.66 ," 8,872.76 "," 2,563.01 "," 3,080.66 "," 3,112.90 ", 401.10 ," 9,157.67 "
25,Daman and Diu, 1 , 1 , 3 , 0 , 5 , 0.17 , 0.21 , 0.36 , -   , 0.74 , 0.05 , 0.05 , 0.07 , -   , 0.17 , 0.10 , 0.10 , 0.12 , -   , 0.32 , 0.17 , 0.21 , 0.05 , -   , 0.44 , 0.11 , 0.10 , 0.65 , 0.00 , 0.85 , 0.04 , 0.04 , 0.05 , -   , 0.13 , 0.01 , 0.01 , 0.08 , -   , 0.10 , 0.03 , 0.03 , 0.05 , -   , 0.12 , 0.08 , 0.09 , 1.40 , -   , 1.57 , 0.04 , 0.04 , 0.09 , -   , 0.17 , 0.03 , 0.03 , 0.16 , -   , 0.22 , 0.04 , 0.05 , 0.16 , -   , 0.25 
26,Dadra and Nagar Haveli, 411 , 537 ," 2,190 ", 4 ," 3,141 ", 35.76 , 45.58 , 210.70 , 0.06 , 292.11 , 28.04 , 34.75 , 165.55 , 0.09 , 228.43 , 38.72 , 46.76 , 157.24 , 0.08 , 242.80 , 33.05 , 42.31 , 151.51 , 0.04 , 226.91 , 29.28 , 40.26 , 184.04 , 0.10 , 253.69 , 35.65 , 46.27 , 221.71 , 0.15 , 303.77 , 33.53 , 48.48 , 186.49 , 0.07 , 268.56 , 33.53 , 47.14 , 189.17 , 0.33 , 270.18 , 30.63 , 40.25 , 159.63 , 1.36 , 231.87 , 35.31 , 46.00 , 197.87 , 0.53 , 279.71 , 37.03 , 47.97 , 174.40 , 0.52 , 259.92 , 40.03 , 50.80 , 192.02 , 0.68 , 283.53 
27,Maharashtra," 59,243 "," 70,516 "," 74,141 "," 14,092 "," 2,17,993 "," 5,900.29 "," 7,029.04 "," 8,012.67 "," 1,070.62 "," 22,012.63 "," 3,760.78 "," 4,433.19 "," 4,360.53 "," 1,010.93 "," 13,565.42 "," 3,814.76 "," 4,411.37 "," 4,553.30 ", 942.43 ," 13,721.86 "," 5,133.11 "," 6,092.96 "," 6,605.47 "," 1,067.73 "," 18,899.26 "," 4,114.79 "," 5,068.31 "," 4,974.45 "," 1,017.09 "," 15,174.64 "," 4,382.97 "," 5,397.04 "," 5,690.15 "," 1,114.04 "," 16,584.20 "," 4,981.68 "," 6,058.63 "," 7,298.97 "," 1,015.63 "," 19,354.91 "," 5,089.14 "," 6,157.54 "," 6,108.24 "," 1,301.34 "," 18,656.25 "," 5,516.25 "," 6,469.50 "," 6,259.66 "," 1,346.13 "," 19,591.54 "," 5,319.45 "," 6,360.44 "," 7,687.46 "," 1,337.05 "," 20,704.40 "," 5,426.85 "," 6,379.42 "," 6,122.46 "," 1,493.86 "," 19,422.59 "," 5,803.34 "," 6,658.66 "," 6,467.73 "," 1,375.48 "," 20,305.21 "
29,Karnataka," 22,697 "," 28,660 "," 35,101 "," 9,468 "," 95,926 "," 2,438.17 "," 3,064.05 "," 3,570.32 ", 882.87 ," 9,955.41 "," 1,229.73 "," 1,538.50 "," 2,156.76 ", 828.88 ," 5,753.87 "," 1,237.19 "," 1,501.72 "," 2,119.16 ", 245.02 ," 5,103.09 "," 1,797.44 "," 2,263.53 "," 2,393.74 ", 281.80 ," 6,736.50 "," 1,789.71 "," 2,284.47 "," 2,551.26 ", 804.02 ," 7,429.46 "," 1,798.44 "," 2,312.33 "," 2,712.04 ", 959.89 ," 7,782.70 "," 1,890.91 "," 2,449.91 "," 3,041.36 ", 876.67 ," 8,258.86 "," 2,044.08 "," 2,632.66 "," 3,400.37 ", 970.97 ," 9,048.08 "," 1,895.64 "," 2,409.75 "," 3,029.08 "," 1,000.41 "," 8,334.88 "," 2,195.53 "," 2,835.47 "," 3,644.53 ", 920.74 ," 9,596.27 "," 2,177.58 "," 2,678.54 "," 3,393.69 ", 926.51 ," 9,176.32 "," 2,202.46 "," 2,688.59 "," 3,088.67 ", 770.40 ," 8,750.12 "
30,Goa," 1,031 "," 1,418 "," 1,894 ", 21 ," 4,364 ", 107.41 , 146.84 , 143.85 , 2.62 , 400.72 , 52.01 , 74.46 , 101.52 , 0.97 , 228.96 , 65.50 , 84.45 , 105.09 , 1.29 , 256.33 , 76.57 , 104.99 , 120.70 , 1.09 , 303.34 , 63.28 , 92.37 , 128.26 , 1.11 , 285.02 , 71.35 , 100.25 , 145.64 , 1.36 , 318.61 , 80.46 , 109.14 , 125.53 , 2.31 , 317.45 , 99.03 , 138.31 , 278.54 , 2.14 , 518.02 , 103.64 , 143.73 , 342.52 , 1.91 , 591.80 , 111.82 , 155.49 , 124.28 , 2.59 , 394.18 , 92.95 , 123.79 , 145.04 , 2.05 , 363.83 , 107.22 , 143.84 , 132.99 , 1.90 , 385.95 
31,Lakshadweep, 8 , 9 , 1 , 0 , 18 , 1.62 , 1.76 , 0.34 , -   , 3.72 , 0.09 , 0.15 , 0.03 , -   , 0.27 , 0.18 , 0.18 , 0.11 , 0.00 , 0.48 , 0.45 , 0.48 , 0.03 , -   , 0.96 , 0.60 , 0.65 , 0.06 , -   , 1.31 , 0.16 , 0.16 , 0.02 , -   , 0.35 , 0.98 , 1.00 , 0.09 , -   , 2.07 , 1.04 , 1.08 , 0.14 , -   , 2.25 , 0.69 , 0.66 , 0.08 , -   , 1.43 , 0.99 , 1.03 , 0.05 , -   , 2.07 , 0.30 , 0.45 , 0.06 , -   , 0.81 , 0.93 , 0.94 , 0.21 , -   , 2.08 
32,Kerala," 7,100 "," 9,887 "," 5,195 ", 80 ," 22,264 ", 796.31 ," 1,075.88 ", 582.30 , 11.83 ," 2,466.32 ", 319.92 , 477.18 , 346.99 , 2.43 ," 1,146.52 ", 313.19 , 438.46 , 244.61 , 2.12 , 998.38 , 522.62 , 750.57 , 399.10 , 2.86 ," 1,675.15 ", 494.29 , 710.69 , 404.19 , 2.76 ," 1,611.93 ", 574.56 , 846.11 , 339.65 , 3.65 ," 1,763.97 ", 631.31 , 916.14 , 375.35 , 8.91 ," 1,931.72 ", 651.16 , 894.51 , 573.13 , 9.92 ," 2,128.72 ", 643.12 , 870.43 , 376.12 , 5.70 ," 1,895.37 ", 752.75 ," 1,056.32 ", 651.43 , 21.38 ," 2,481.88 ", 706.36 , 927.57 , 434.70 , 5.86 ," 2,074.49 ", 694.90 , 923.53 , 467.80 , 2.98 ," 2,089.21 "
33,Tamil Nadu," 22,015 "," 29,441 "," 26,961 "," 7,076 "," 85,492 "," 2,294.03 "," 3,121.79 "," 3,022.38 ", 411.17 ," 8,849.36 "," 1,325.49 "," 1,764.11 "," 1,834.61 ", 667.52 ," 5,591.72 "," 1,152.64 "," 1,499.14 "," 1,395.94 ", 331.89 ," 4,379.62 "," 1,722.26 "," 2,257.01 "," 1,764.38 ", 558.47 ," 6,302.12 "," 1,857.14 "," 2,460.30 "," 2,048.17 ", 694.32 ," 7,059.93 "," 1,903.14 "," 2,604.47 "," 2,568.17 ", 765.85 ," 7,841.63 "," 2,011.24 "," 2,690.51 "," 2,376.95 ", 563.68 ," 7,642.38 "," 1,958.49 "," 2,708.36 "," 2,573.63 ", 554.48 ," 7,794.96 "," 1,712.30 "," 2,229.32 "," 2,083.51 ", 610.20 ," 6,635.33 "," 2,089.74 "," 2,812.13 "," 2,421.11 ", 656.63 ," 7,979.61 "," 1,907.21 "," 2,525.01 "," 2,299.17 ", 661.81 ," 7,393.20 "," 2,081.36 "," 2,768.83 "," 2,572.77 ", 599.57 ," 8,022.53 "
34,Puducherry, 229 , 366 ," 1,223 ", 5 ," 1,824 ", 22.03 , 34.98 , 112.20 , 0.28 , 169.49 , 11.67 , 17.30 , 93.75 , 0.40 , 123.12 , 12.84 , 20.48 , 70.55 , 0.22 , 104.08 , 18.97 , 32.89 , 76.67 , 0.08 , 128.62 , 17.49 , 30.93 , 107.50 , 0.45 , 156.38 , 18.68 , 31.37 , 109.62 , 0.45 , 160.12 , 19.34 , 33.95 , 98.06 , 0.46 , 151.81 , 18.43 , 30.20 , 123.11 , 0.51 , 172.25 , 18.90 , 30.24 , 97.19 , 0.64 , 146.97 , 22.48 , 38.72 , 106.77 , 1.28 , 169.25 , 22.26 , 32.45 , 123.50 , 0.17 , 178.38 , 26.10 , 32.84 , 103.98 , 0.42 , 163.34 
35,Andaman and Nicobar Island, 122 , 170 , 40 , 0 , 332 , 23.94 , 32.09 , 4.56 , 0.01 , 60.60 , 19.42 , 25.84 , 3.04 , 0.00 , 48.30 , 4.25 , 5.62 , 1.66 , 0.01 , 11.55 , 5.93 , 10.09 , 2.49 , 0.06 , 18.56 , 7.70 , 10.52 , 1.57 , 0.04 , 19.83 , 6.56 , 10.91 , 2.11 , 0.02 , 19.60 , 6.87 , 11.69 , 7.31 , 0.00 , 25.87 , 7.41 , 9.79 , 6.97 , 0.02 , 24.18 , 10.22 , 12.93 , 2.70 , 0.02 , 25.87 , 11.05 , 14.64 , 2.98 , 0.01 , 28.68 , 8.39 , 11.57 , 2.02 , 0.03 , 22.01 , 10.42 , 14.17 , 2.27 , 0.04 , 26.90 
36,Telangana," 10,930 "," 14,603 "," 13,238 "," 6,310 "," 45,081 "," 1,121.66 "," 1,460.28 "," 1,251.08 ", 429.13 ," 4,262.15 ", 622.63 , 856.30 , 904.67 , 600.76 ," 2,984.35 ", 662.31 , 872.76 , 850.31 , 459.80 ," 2,845.18 ", 855.69 ," 1,151.57 "," 1,101.58 ", 500.72 ," 3,609.56 ", 855.52 ," 1,123.09 "," 1,041.72 ", 505.20 ," 3,525.53 ", 876.99 ," 1,170.34 ", 967.76 , 478.48 ," 3,493.57 ", 928.02 ," 1,277.77 "," 1,141.98 ", 506.35 ," 3,854.12 ", 952.04 ," 1,310.37 "," 1,119.00 ", 549.73 ," 3,931.14 ", 935.93 ," 1,252.41 "," 1,019.71 ", 552.16 ," 3,760.21 "," 1,055.72 "," 1,424.16 "," 1,375.14 ", 604.96 ," 4,459.98 ", 979.77 ," 1,283.76 "," 1,219.45 ", 630.20 ," 4,113.18 "," 1,083.77 "," 1,419.98 "," 1,246.01 ", 492.38 ," 4,242.14 "
37,Andhra Pradesh," 7,844 "," 10,567 "," 11,938 "," 2,361 "," 32,710 ", 804.04 ," 1,079.07 "," 1,192.56 ", 269.62 ," 3,345.30 ", 431.50 , 611.37 , 856.47 , 174.56 ," 2,073.90 ", 512.11 , 653.82 , 784.26 , 100.57 ," 2,050.77 ", 669.41 , 927.77 , 956.19 , 176.97 ," 2,730.34 ", 626.61 , 867.83 , 956.48 , 140.57 ," 2,591.49 ", 619.09 , 849.06 , 943.15 , 183.22 ," 2,594.52 ", 742.39 , 983.57 , 957.26 , 195.78 ," 2,879.01 ", 639.46 , 899.50 , 999.74 , 210.93 ," 2,749.63 ", 602.00 , 805.07 , 937.39 , 187.94 ," 2,532.40 ", 713.03 , 952.17 ," 1,058.11 ", 108.01 ," 2,831.32 ", 707.92 , 931.88 ," 1,204.19 ", 313.29 ," 3,157.28 ", 776.83 ," 1,006.23 "," 1,092.09 ", 299.30 ," 3,174.45 "
38,Ladakh, 76 , 99 , 31 , 1 , 207 , 12.02 , 15.33 , 3.44 , 0.02 , 30.80 , 1.81 , 3.05 , 0.45 , 0.00 , 5.31 , 2.13 , 2.94 , 0.99 , -   , 6.06 , 4.44 , 6.08 , 2.43 , 0.00 , 12.95 , 4.73 , 6.05 , 3.57 , 0.00 , 14.35 , 5.20 , 6.81 , 3.21 , 0.01 , 15.22 , 6.55 , 9.15 , 3.50 , 0.00 , 19.19 , 4.63 , 5.90 , 2.83 , 0.05 , 13.40 , 5.81 , 7.32 , 2.03 , 0.07 , 15.23 , 13.31 , 17.71 , 3.86 , 0.28 , 35.16 , 5.56 , 7.59 , 2.17 , 0.25 , 15.57 , 9.44 , 11.33 , 2.72 , -   , 23.49 
97,Other Territory, 100 , 126 ," 1,364 ", 0 ," 1,590 ", 19.25 , 23.49 , 115.89 , 0.00 , 158.64 , 4.79 , 7.96 , 108.51 , 0.00 , 121.26 , 6.32 , 8.27 , 112.80 , 0.00 , 127.40 , 7.97 , 9.08 , 123.50 , 0.00 , 140.55 , 5.88 , 6.57 , 96.05 , 0.00 , 108.50 , 8.28 , 9.41 , 114.55 , 0.00 , 132.23 , 9.65 , 10.38 , 117.12 , 0.00 , 137.15 , 3.44 , 3.40 , 88.35 , 0.00 , 95.20 , 7.99 , 11.18 , 120.53 , -   , 139.70 , 8.11 , 14.53 , 121.39 , -   , 144.03 , 7.10 , 9.15 , 119.44 , -   , 135.69 , 10.76 , 12.97 , 125.64 , -   , 149.37 
99,CBIC, -   , -   ," 2,121 ", -   ," 2,121 ", -   , -   , 142.33 , -   , 142.33 , -   , -   , 140.81 , -   , 140.81 , -   , -   , 163.69 , -   , 163.69 , -   , -   , 161.38 , -   , 161.38 , -   , -   , 213.82 , -   , 213.82 , -   , -   , 191.34 , -   , 191.34 , -   , -   , 189.14 , -   , 189.14 , -   , -   , 179.51 , -   , 179.51 , -   , -   , 186.34 , -   , 186.34 , -   , -   , 216.20 , -   , 216.20 , -   , -   , 166.51 , -   , 166.51 , -   , -   , 169.86 , -   , 169.86 
Grand Total,," 2,69,137 "," 3,44,216 "," 3,85,314 "," 98,878 "," 10,97,545 "," 27,837 "," 35,621 "," 38,882 "," 8,464 "," 1,10,804 "," 16,120 "," 20,739 "," 25,735 "," 8,357 "," 70,951 "," 16,331 "," 20,341 "," 23,417 "," 6,140 "," 66,229 "," 22,197 "," 28,541 "," 29,964 "," 6,975 "," 87,678 "," 20,521 "," 26,605 "," 29,363 "," 8,000 "," 84,490 "," 20,578 "," 26,767 "," 31,356 "," 8,131 "," 86,832 "," 23,861 "," 30,421 "," 34,362 "," 7,785 "," 96,430 "," 23,978 "," 31,127 "," 34,649 "," 8,953 "," 98,708 "," 22,578 "," 28,658 "," 31,628 "," 8,775 "," 91,639 "," 24,869 "," 32,239 "," 36,983 "," 9,160 "," 1,03,251 "," 24,435 "," 30,779 "," 33,635 "," 9,702 "," 98,551 "," 25,830 "," 32,378 "," 35,339 "," 8,436 "," 1,01,983 "
,,,,,,,,,,,,,,,,,,,,,,,,,,,,,,,,,,,,,,,,,,,,,,,,,,,,,,,,,,,,,,,,,,
IGST and CESS on Import - All India,, -   , -   ," 3,76,956 "," 8,789 "," 3,85,746 ", -   , -   ," 27,996.17 ", 908.05 ," 28,904 ", -   , -   ," 26,001.61 ", 867.86 ," 26,869 ", -   , -   ," 25,762.13 ", 809.26 ," 26,571 ", -   , -   ," 27,899.98 ", 814.80 ," 28,715 ", -   , -   ," 26,883.64 ", 646.11 ," 27,530 ", -   , -   ," 29,554.97 ", 622.64 ," 30,178 ", -   , -   ," 32,998.22 ", 698.90 ," 33,697 ", -   , -   ," 32,165.44 ", 652.68 ," 32,818 ", -   , -   ," 37,527.00 ", 614.00 ," 38,141 ", -   , -   ," 37,199.00 ", 536.00 ," 37,735 ", -   , -   ," 33,837.00 ", 638.05 ," 34,475 ", -   , -   ," 39,131.00 ", 981.00 ," 40,112 "
,,,,,,,,,,,,,,,,,,,,,,,,,,,,,,,,,,,,,,,,,,,,,,,,,,,,,,,,,,,,,,,,,,
Gross Revenue,," 2,69,137 "," 3,44,216 "," 7,62,270 "," 1,07,667 "," 14,83,291 "," 27,837 "," 35,621 "," 66,878 "," 9,372 "," 1,39,708 "," 16,120 "," 20,739 "," 51,737 "," 9,225 "," 97,821 "," 16,331 "," 20,341 "," 49,179 "," 6,949 "," 92,800 "," 22,197 "," 28,541 "," 57,864 "," 7,790 "," 1,16,393 "," 20,521 "," 26,605 "," 56,247 "," 8,646 "," 1,12,020 "," 20,578 "," 26,767 "," 60,911 "," 8,754 "," 1,17,010 "," 23,861 "," 30,421 "," 67,361 "," 8,484 "," 1,30,127 "," 23,978 "," 31,127 "," 66,815 "," 9,606 "," 1,31,526 "," 22,578 "," 28,658 "," 69,155 "," 9,389 "," 1,29,780 "," 24,869 "," 32,239 "," 74,182 "," 9,696 "," 1,40,986 "," 24,435 "," 30,779 "," 67,472 "," 10,340 "," 1,33,026 "," 25,830 "," 32,378 "," 74,470 "," 9,417 "," 1,42,095 "
,,,,,,,,,,,,,,,,,,,,,,,,,,,,,,,,,,,,,,,,,,,,,,,,,,,,,,,,,,,,,,,,,,
,,,,,,,,,,,,,,,,,,,,,,,,,,,,,,,,,,,,,,,,,,,,,,,,,,,,,,,,,,,,,,,,,,
,Note :,,,,,,,,,,,,,,,,,,,,,,,,,,,,,,,,,,,,,,,,,,,,,,,,,,,,,,,,,,,,,,,,,
,The above numbers are provisional and the actual numbers may slightly vary on finalisation,,,,,,,,,,,,,,,,,,,,,,,,,,,,,,,,,,,,,,,,,,,,,,,,,,,,,,,,,,,,,,,,,
